날짜,일진,일주,오늘의_바이브,머니_주파수,관계_플러팅,럭키_부적_아이템,오늘의_추구미
2026-03-05 13:52,甲辰(갑진),甲子(갑자),"오늘은 갑(甲)이 겹치는 '더블 갑' 데이! 자존감 수치 풀충전돼서 폼 미쳤다. 평소보다 에너지 주파수가 높아서 어디서든 주인공 재질인데, 갑진(甲辰)의 기운이 네 아이디어를 현실로 하드캐리해 줄 거야. 럭키비키하게 흘러가는 하루니까 억까 걱정 말고 네 페이스대로 밀고 나가봐. 오늘 완전 주인공 그 잡채!",시성비 챙기는 똑똑한 소비가 정답! 무지성 지출보다는 나를 위한 금융치료 한 방이 도파민을 싹 돌게 해줄 거야. N잡러라면 새로운 수익 파이프라인 제안이 올지도? 오히려 좋아!,"카톡 텐션 수직 상승 중! 억지로 끼워 맞추는 관계 말고, 결이 맞는 사람들과의 도파민 파밍에 집중해 봐. 자만추 운도 높아서 생각지 못한 장소에서 갓벽한 인연을 만날 확률 200%.",노이즈캔슬링 이어폰,
2026-03-05 13:52,甲辰(갑진),乙丑(을축),단단한 땅 위에 꽃피우는 을축이에게 갑진의 기운은 완전 든든한 백업 그 자체! 오늘은 네가 주인공이라기보다 '갓벽한' 조력자를 만나서 시너지가 폭발하는 날이야. 살짝 에너지 과부하 올 수 있는데 그럴 땐 로우키(Low-key)하게 텐션 조절해주면 오히려 좋아. 럭키비키한 하루 가보자고!,"통장 잔고 방어력 만렙 찍는 날! 계획 없던 덕질 지출은 잠시 디톡스하고, 시성비 따져서 가심비 넘치는 아이템에 투자해 봐. 뜻밖의 포인트나 기프티콘 발견할 확률 99%, 이거 완전 소확행이잖아?","카톡 답장 속도보다 중요한 건 텍스트의 온도! 오늘은 자만추보다는 구면인 사람들과의 대화에서 도파민이 터질 거야. 괜한 억까 방어하려면 선 넘는 농담은 스킵하고, 다정한 리액션으로 상대방 주파수 맞춰주기!","제로 콜라, 인센스 스틱",멘탈수호
2026-03-05 13:53,甲辰(갑진),丙寅(병인),"태양 같은 병인(丙寅)이 갑진(甲辰)이라는 땔감을 만났으니 오늘 텐션은 완전 풀액셀! 아이디어가 폭발해서 폼 미쳤잖아. 에너지가 너무 뿜뿜해서 자칫하면 과부하 올 수 있으니까, 중간중간 로우키(Low-key)하게 멘탈 디톡스 섞어주는 게 포인트야. 오늘 네가 가는 길이 곧 런웨이고 핫플임!",성장 가능성 높은 곳에 과감하게 배팅해도 좋은 날! 시성비 갓벽한 유료 강의나 자기계발 아이템에 결제하면 나중에 n배로 돌아올 주파수야. 덕질 비용보다는 '나라는 브랜드'에 금융치료 해주는 게 럭키비키!,"어딜 가나 시선 강탈하는 인간 비타민 재질! 리액션 한 번에 주변 사람들 도파민 싹 돌게 할 수 있어. 카톡 답장 텐션만 잘 유지해도 자만추 기회 쏟아지니까, 억까 걱정 말고 네 매력 마음껏 흘리고 다녀도 좋아.","아바라, 고양이 영상",무지성직진
2026-03-05 13:54,甲辰(갑진),丁卯(정묘),은은하게 타오르는 촛불 정묘(丁卯)에게 갑진(甲辰)의 기운은 완전 든든한 보조배터리잖아! 오늘 아이디어 폼 미쳤으니까 머릿속에만 두지 말고 밖으로 표출해 봐. 에너지가 살짝 튀어 오를 때 로우키(Low-key)하게 중심만 잡으면 갓벽한 하루 완성! 럭키비키하게 흘러가는 중이니까 기분 좋게 즐겨.,지갑 열기 전에 시성비 체크는 필수! 오늘은 무지성 쇼핑보다는 나를 위한 작은 선물로 금융치료 하는 게 에너지 주파수에 딱이야. N잡러라면 새로운 협업 제안이 올 수도 있으니 카톡 알림 잘 확인하기!,오늘은 인간관계 도파민 폭발하는 날! 자만추를 노린다면 평소 안 가본 핫플로 출동해 봐. 카톡 텐션도 좋아서 플러팅 성공률 200%야. 혹시나 있을지 모를 억까는 귀여운 애교로 방어해 버리자고!,"아바라, 인센스 스틱",스몰럭키
2026-03-05 13:54,甲辰(갑진),戊辰(무진),"묵직한 폼 미친 무진(戊辰)이 갑진(甲辰)의 챌린지를 만났네! 오늘 기운이 워낙 세서 살짝 기싸움 느낌 날 수 있는데, 이건 네 에너지 주파수가 그만큼 높다는 증거잖아. 억까 방어하면서 로우키하게 중심만 잡아도 네 존재감이 갓벽하게 빛날 거야. 럭키비키하게 다 이겨버리자고!",지갑 단속 필요한 구간! 무지성 쇼핑보다는 시성비 따지는 금융치료가 정답이야. 오늘은 덕질 지출 방어하고 내 가치를 올리는 자기계발에 투자하면 나중에 도파민 파밍 제대로 할 수 있어.,오늘은 자만추보다는 오랫동안 알고 지낸 찐친들과의 텐션이 더 좋아. 새로운 플러팅보다는 결이 맞는 사람들과 멘탈 디톡스 수다 떠는 게 럭키 포인트! 선 넘는 말은 가볍게 씹어주는 게 상책이야.,노이즈캔슬링 이어폰,멘탈수호
2026-03-05 13:55,甲辰(갑진),己巳(기사),"실속 챙기는 기사(己巳) 일주에게 갑진(甲辰)의 에너지가 딱 붙는 날! 네가 뿌린 씨앗들이 갓벽하게 결과물로 돌아오는 주파수야. 살짝 업무나 과제가 몰리는 ‘억까’ 상황이 와도 오히려 좋아, 네 능력을 증명할 기회니까! 폼 미친 생산성으로 오늘 하루 하드캐리해 봐. 럭키비키하게 다 풀릴 거야.","시성비 넘치는 투자나 N잡 제안이 들어올 수 있는 타이밍! 무지성 지출은 로우키하게 방어하고, 나를 위한 확실한 금융치료에 집중해 봐. 오늘은 통장 잔고가 우상향하는 기분 좋은 바이브야.",카톡 텐션이 아주 나이스해! 결이 맞는 사람들과 도파민 파밍하기 딱 좋은 날이야. 자만추보다는 공적인 자리에서 만난 사람과 묘하게 썸 타는 분위기가 형성될 수 있어. 플러팅 주파수 풀가동해 봐!,"제로 콜라, 고양이 영상",갓생모드
2026-03-05 13:56,甲辰(갑진),庚午(경오),단단한 원칙주의자 경오(庚午)에게 갑진(甲辰)의 기운은 그야말로 도파민 파티! 네가 가진 카리스마에 유연함이 더해져서 오늘 폼 미쳤다. 살짝 억까 상황이 와도 특유의 쿨함으로 튕겨내 버리면 그만이야. 오히려 에너지를 생산적인 곳에 집중하기 딱 좋은 럭키비키한 날이니까 자신감 있게 가보자고!,"시성비 따지는 똑똑한 소비가 빛을 발하는 날! 충동적인 덕질 지출은 로우키하게 방어하고, 내 가치를 높여줄 아이템에 투자해 봐. 금융치료 제대로 되는 기분 좋은 수익 소식이 들려올지도 몰라.",카톡 텐션 완전 고점 찍는 중! 너의 솔직하고 당당한 매력에 상대방 주파수가 저절로 맞춰질 거야. 자만추든 소개팅이든 네가 대화를 리드하면 갓벽한 결과가 따라오니까 플러팅 주저하지 마!,"아바라, 노이즈캔슬링 이어폰",갓생모드
2026-03-05 13:57,甲辰(갑진),辛未(신미),예민한 보석 신미(辛未)에게 갑진(甲辰)의 기운은 완전 갓벽한 무대 조명이야! 오늘 네가 가진 디테일한 매력이 세상 밖으로 드러나서 존재감 폼 미쳤다. 혹시 주변에서 에너지를 뺏으려는 억까가 있어도 무시해. 넌 오늘 그저 빛나기만 하면 되는 럭키비키한 주인공이니까!,시성비 따지는 영리한 소비가 필요한 타이밍! 무지성 지출보다는 나를 돋보이게 할 힙한 아이템에 투자해 봐. 뜻밖의 성과급이나 N잡 수익으로 도파민 파밍 제대로 할 수 있는 금융치료 데이야.,카톡 텐션이 묘하게 설레는 날! 평소 눈여겨본 사람과 에너지 주파수가 딱 맞아서 자만추 성공 확률이 높아져. 로우키(Low-key)하게 툭 던진 한마디에 상대방 심장 박동수 수직 상승할걸?,"인센스 스틱, 제로 콜라",스몰럭키
2026-03-05 13:57,甲辰(갑진),壬申(임신),똑똑한 임신(壬申) 일주에게 갑진(甲辰)의 에너지는 완전 갓벽한 시너지! 머릿속 복잡했던 생각들이 도파민 파밍하듯 싹 정리되는 날이야. 에너지 주파수가 워낙 높아서 뭘 해도 폼 미쳤다는 소리 들을걸? 살짝 억까가 오려 해도 유연하게 흘려보내면 그만이지. 럭키비키하게 네 능력치 보여주자고!,시성비 챙기는 투자나 스마트한 소비가 운을 더 끌어올려 줄 거야. 무지성 지출보다는 나를 위한 금융치료로 기분 전환해 봐. N잡러라면 새로운 협업 주파수가 잡힐 수도 있어!,카톡 텐션이 뇌섹미 넘치는 날! 결이 맞는 사람과 딥한 대화 나누다 보면 인간관계 도파민 폭발할걸? 자만추보다는 지적인 매력이 어필되는 자리에서 플러팅 지수 200% 찍을 수 있어.,노이즈캔슬링 이어폰,갓생모드
2026-03-05 13:58,甲辰(갑진),癸酉(계유),맑고 예리한 계유(癸酉)가 갑진(甲辰)이라는 거대한 파도를 타는 날! 오늘 직관력 폼 미쳐서 평소 고민하던 일도 갓벽하게 해결할 수 있어. 혹시 주변에서 에너지를 뺏으려는 억까가 발생해도 특유의 쿨함으로 방어하면 오히려 좋아. 네 주파수가 워낙 높으니 오늘은 너의 느낌만 믿고 가보자고!,시성비 따지는 영리한 소비가 도파민을 싹 채워줄 거야. 무지성 지출보다는 나를 돋보이게 할 작은 아이템으로 금융치료 해보는 건 어때? N잡러라면 아이디어 하나로 수익 주파수 터질 수 있는 날이야.,카톡 텐션이 묘하게 설레는 바이브! 결이 맞는 사람과 딥한 대화 나누다 보면 도파민 파밍 제대로 될걸? 자만추보다는 로우키하게 나를 드러냈을 때 상대방이 먼저 다가오는 럭키비키한 상황이 펼쳐질 거야.,"아바라, 고양이 영상",스몰럭키
2026-03-05 13:58,甲辰(갑진),甲戌(갑술),"갑진일의 용과 갑술일의 개가 만난 오늘, 에너지 주파수 충돌 장난 아님! 억까 당하는 기분 들 수도 있지만 이건 오히려 성장을 위한 '도파민 디톡스' 타임이야. 멘탈 로우키(Low-key)하게 유지하면서 나만의 속도로 가자. 겉바속촉 멘탈만 챙기면 오늘 하루 폼 미쳤다 소리 절로 나올걸?",지갑 열기 전에 '시성비' 따져보는 거 잊지 마! 충동적인 덕질 지출은 잠시 멈추고 미래의 나를 위해 에너지 세이브. 소소하게 앱테크나 N잡 아이디어 정리하면 머니 주파수 떡상 각이야.,카톡 텐션 너무 높이지 않아도 괜찮아. 자만추보다는 나랑 결이 맞는 사람 한 명이랑 깊게 대화하는 게 훨씬 럭키비키! 무리한 약속보다는 혼자만의 갓벽한 휴식이 관계의 질을 높여줘.,노이즈캔슬링 이어폰,멘탈수호
2026-03-05 13:59,甲辰(갑진),乙亥(을해),"갑진의 큰 나무를 타고 올라가는 을해일주, 오늘 성장캐 모드 제대로잖아! 에너지가 위로 쭉쭉 뻗는 날이라 뭘 해도 폼 미쳤다 소리 들릴걸? 살짝 과부하 오면 '도파민 디톡스' 한 번 때려줘. 유연하게 파도 타는 느낌으로 하루를 즐기면 그게 바로 갓벽한 럭키비키지!",시성비 따지는 영리한 소비가 필요한 타이밍! 무지성 쇼핑보다는 나를 위한 작은 '금융치료'가 멘탈 효율 압살해. 미래를 위한 자기계발에 투자하면 에너지 주파수랑 딱 맞아떨어질 거야.,카톡 답장 속도 조절하면서 로우키(Low-key)한 매력 발산해봐. 억지로 맞추기보다 내 바이브에 스며드는 사람들과의 '자만추'가 훨씬 이득! 다정함 한 스푼 섞으면 인간관계 도파민 폭발하는 날이야.,아바라(아이스 바닐라 라떼),갓생모드
2026-03-05 14:00,甲辰(갑진),丙子(병자),"태양 같은 병화가 갑진의 생명력을 만났으니 오늘 텐션 완전 갓벽해! 물 만난 물고기처럼 에너지 주파수 제대로 터지는 날이야. 혹시라도 중간에 누가 브레이크 걸면 '오히려 좋아, 잠시 쉬어가는 타이밍'이라고 생각하자. 네 빛이 너무 눈부셔서 주변에서 질투하는 억까 방어는 필수인 거 알지?",지출 폼 미쳤다 소리 듣기 전에 '시성비' 체크 한 번만 해줘! 의미 없는 도파민 파밍용 쇼핑보다는 나를 위한 확실한 힐링 아이템에 투자하는 게 훨씬 럭키비키야. N잡 아이디어가 샘솟는 날이니 메모장 켜둬!,오늘은 네가 주인공이야! 카톡 텐션도 네가 리드하면 상대방 입덕 부정기 바로 끝낼 수 있어. 억지로 꾸미지 않은 '로우키'한 친절함이 오히려 더 힙하게 먹히는 날이니까 자만추의 기운을 믿어봐.,"제로 콜라, 고양이 영상",스몰럭키
2026-03-05 14:01,甲辰(갑진),丁丑(정축),"정축의 은은한 촛불이 갑진의 숲을 만났네? 오늘 기운 완전 '갓벽한' 서포트 모드야. 내가 주인공이 아니어도 괜찮아, 뒤에서 판 짜는 네 모습 폼 미쳤거든! 살짝 기 빨리는 억까 예보가 있지만, 이건 멘탈 디톡스 하라는 신호니까 로우키하게 나만의 주파수를 지켜보자고.",지갑 열기 전에 시성비 체크는 국룰! 무지성 도파민 파밍 소비보다는 나를 위한 '인센스 스틱' 하나로 금융치료 받는 게 훨씬 럭키비키야. N잡 구상하기 딱 좋은 머리 회전이니까 아이디어만 킵해둬.,카톡 텐션 너무 높일 필요 없어. 오늘은 그냥 툭 던지는 한마디가 더 힙하게 먹히는 날! 억지로 약속 잡기보다 결이 맞는 사람과 조용히 스몰 토크 나누는 게 인간관계 도파민 채우기에 훨씬 유리해.,인센스 스틱,멘탈수호
2026-03-05 14:01,甲辰(갑진),戊寅(무인),"무인일주가 갑진일을 만났다? 이건 완전 야생의 호랑이가 울창한 숲을 만난 격이지! 에너지가 빵빵하게 차올라서 추진력 폼 미쳤다 소리 들릴 거야. 혹시 예상치 못한 변수가 생겨도 '오히려 좋아, 갓생 살라는 우주의 신호네' 하고 넘겨버려. 너의 당당한 바이브가 오늘 하루를 갓벽하게 만들 테니까!","시성비 압살하는 똑똑한 소비가 정답! 무지성 도파민 파밍 쇼핑은 잠시 멈추고, 나를 레벨업 시켜줄 클래스나 N잡 장비에 투자해 봐. 지금 네 에너지 주파수라면 미래의 자산을 펌핑할 금융치료 각이거든.","오늘은 네가 리드하는 플러팅이 정답이야. 카톡 텐션도 네가 주도하고, 억지로 맞추기보다 너의 '추구미'를 확실히 보여줘. 결이 맞는 사람과는 자만추 느낌으로 대화가 술술 풀릴 거야. 인간관계 도파민 폭발 주의!","에스프레소 샷, 노이즈캔슬링 이어폰",무지성직진
2026-03-05 14:02,甲辰(갑진),己卯(기묘),"비옥한 땅에 숲이 울창해지는 갑진일! 기묘일주인 너에게 오늘은 '성장판 풀개방' 날이야. 해야 할 일이 쌓여서 살짝 억까 당하는 기분 들 수 있지만, 이건 네 영향력이 커졌다는 증거잖아? 에너지 주파수 높게 유지하면서 갓벽하게 처리하면 오늘 하루 폼 미쳤다 소리 들을걸!","시성비 따지는 영리한 소비가 필요한 타이밍! 무지성 도파민 파밍 쇼핑은 잠시 로우키(Low-key)하게 참고, 나를 레벨업 시키는 N잡 공부나 자기계발에 투자해봐. 그게 바로 최고의 금융치료지.","카톡 텐션 조절 잘하면 인간관계 도파민 폭발각! 억지로 맞추기보다 너의 '추구미'를 당당하게 보여줘. 결이 맞는 사람과 자만추 느낌으로 대화가 술술 풀릴 거야. 오히려 좋아, 네 매력이 더 돋보이는 날이니까.","제로 콜라, 고양이 영상",갓생모드
2026-03-05 14:03,甲辰(갑진),庚辰(경진),괴강의 카리스마 경진이 갑진의 청룡을 만났네? 오늘 에너지 주파수 완전 하이텐션이야! 큰 칼로 숲을 정리하듯 복잡한 일들이 갓벽하게 정리될 거야. 살짝 기싸움 같은 억까가 보인다면 '오히려 좋아' 마인드로 압도해버려. 네 기세면 오늘 하루 폼 미쳤다 소리 듣기 딱 좋잖아!,"시성비 따지는 칼 같은 소비가 정답! 무지성 도파민 파밍은 멈추고, 나를 레벨업 시킬 장비나 유료 앱 구독에 투자해봐. 네 금융 감각이 예리해지는 날이라 럭키비키한 득템 기회가 올지도 몰라.",카톡 텐션 너무 높이지 말고 로우키(Low-key)한 매력을 유지해봐. 네가 먼저 다가가지 않아도 결이 맞는 사람들이 알아서 자만추 모드로 붙을 거야. 무지성 플러팅보다는 툭 던지는 쿨한 한마디가 오늘의 도파민 포인트!,"에스프레소, 노이즈캔슬링 이어폰",무지성직진
2026-03-05 14:04,甲辰(갑진),辛巳(신사),"반짝이는 보석 신사가 갑진의 숲을 만난 날! 오늘 네 기운 완전 갓벽해. 예리한 너의 감각이 빛을 발하면서 일도 사랑도 폼 미쳤다 소리 들릴 거야. 살짝 피곤한 억까가 들어와도 '오히려 좋아, 내 광택 더 내주는 과정이지'라고 생각하면 주파수 바로 떡상함! 로우키하게 우아함을 유지해봐.",시성비 압살하는 갓성비 템 발견할 예감! 무지성 도파민 파밍보다는 진짜 가치 있는 거에만 지갑을 열어줘. 덕질 지출 방어만 잘해도 오늘은 성공적인 금융치료 각이야. 네 안목이 오늘 완전 럭키비키거든.,카톡 텐션 조절로 상대방 애태우기 딱 좋은 날이야. 억지로 플러팅 안 해도 네 아우라에 결이 맞는 사람들이 자만추 느낌으로 다가올걸? 오늘 인간관계 도파민은 네가 리드하는 대로 흘러갈 거니까 자신감 있게 행동해!,"인센스 스틱, 제로 콜라",스몰럭키
2026-03-05 14:04,甲辰(갑진),壬午(임오),"시원한 강물 임수가 갑진의 숲을 적시니 오늘 창의력 폼 미쳤다! 머릿속에 아이디어가 파도처럼 밀려오는 날이야. 중간에 살짝 기운 빠지는 억까가 있어도 '오히려 좋아, 멘탈 디톡스 타임'이라 생각하고 넘겨버려. 너의 유연한 바이브가 오늘 하루를 갓벽하게 하드캐리할 테니까!","시성비 압살하는 똑똑한 소비가 정답! 무지성 도파민 파밍 지출은 잠시 로우키하게 누르고, 네 가치를 높여줄 N잡 아이템에 투자해봐. 지금 네 에너지 주파수면 작은 지출로도 큰 금융치료 효과를 볼 수 있는 럭키비키한 날이야.",카톡 텐션 밀당의 고수가 되는 날! 억지로 다가가지 않아도 너의 쿨한 매력에 결이 맞는 사람들이 자만추 느낌으로 스며들 거야. 다정한 말 한마디면 상대방 입덕 부정기 바로 종료! 인간관계 도파민 수치 최고조 찍어보자고.,"제로 콜라, 노이즈캔슬링 이어폰",갓생모드
2026-03-05 14:05,甲辰(갑진),癸未(계미),"단비 같은 계수가 갑진의 넓은 대지를 만났어! 오늘 창의력 폼 미쳤다. 네가 던지는 아이디어마다 주위에서 '갓벽하다'고 난리 날걸? 살짝 기 빨리는 억까 상황이 와도 '오히려 좋아, 내 가치 증명할 기회지' 하고 쿨하게 넘겨봐. 에너지 주파수만 잘 맞추면 오늘 하루 주인공은 너야!","시성비 따지는 영리한 소비가 필요한 타이밍! 무지성 도파민 파밍은 멈추고, 네 커리어에 도움 될 만한 유료 툴이나 강의에 투자해봐. 소소한 금융치료보다는 확실한 미래 자산 펌핑이 더 럭키비키하잖아.",카톡 텐션 조절로 신비주의 매력 뿜뿜해봐. 로우키하게 행동해도 네 결을 알아본 사람들이 자만추 느낌으로 다가올 거야. 억지로 플러팅 안 해도 매력 터지는 날이니까 인간관계 도파민은 자연스럽게 채워질걸?,"아바라, 고양이 영상",스몰럭키
2026-03-05 14:06,甲辰(갑진),甲申(갑신),"갑진(甲辰)의 폼 미친 에너지가 너의 갑신(甲申) 일주랑 만나서 완전 '성장 가속도' 붙는 날! 나무가 땅에 뿌리 제대로 박는 기운이라, 평소보다 멘탈 회복 탄력성 대박이야. 혹시 주변에서 억까 시동 걸어도 '럭키비키' 마인드로 가볍게 씹어주면 끝. 네가 주인공인 영화 한 장면 찍는다고 생각하고 당당하게 직진해 봐!",시성비 챙기는 소비가 정답! 불필요한 쇼핑 말고 네 가치를 올려줄 '자기계발 템'이나 '스마트한 금융치료'에 집중해. N잡 아이디어 터지는 날이니까 메모장 켜두기!,"카톡 텐션 무엇? 너의 본캐 매력이 흘러넘쳐서 자만추든 소개팅이든 주파수 딱 맞는 사람 만날 확률 200%. 선톡 고민하지 말고 가볍게 던져봐, 반응 완전 갓벽할 테니까.",노이즈캔슬링 이어폰,갓생모드
2026-03-05 14:06,甲辰(갑진),乙酉(을유),가녀린 꽃이 든든한 고목을 만난 격! 을유(乙酉) 특유의 예민함이 갑진(甲辰)의 폼 미친 에너지로 갓벽하게 커버되는 날이야. 억까 상황이 와도 '오히려 좋아' 외치면 네가 판을 다 뒤집을 수 있어. 오늘은 로우키하게 있기보다 네 주파수를 세상에 팍팍 쏘아 올려봐. 네가 걷는 길이 곧 런웨이가 될 테니까!,"시성비 따지는 영리한 소비가 행운을 불러와. 지갑 다이어트하기 딱 좋은 날인데, 만약 써야 한다면 네 커리어에 도움 되는 장비나 강의에 태워봐. 미래의 나를 위한 선결제는 금융치료 그 자체지!","인간관계 도파민 폭발 주의보! 네 특유의 시크한 분위기에 다들 스며드는 중이야. 굳이 애쓰지 않아도 자만추 기운이 낭낭해. 카톡 답장은 조금 천천히, 여유 있게 보내는 게 오늘의 플러팅 필살기야.",아바라(아이스 바닐라 라떼),럭키비키
2026-03-05 14:07,甲辰(갑진),丙戌(병술),뜨거운 태양 병화가 비옥한 땅을 만났으니 오늘 텐션 완전 하이퍼! 갑진(甲辰)의 기운이 네 창의력을 미친 듯이 자극해서 아이디어 도파민 파밍 제대로 될 거야. 가끔씩 올라오는 욱하는 마음은 '오히려 좋아' 마인드로 승화시켜 봐. 네 에너지가 워낙 강해서 웬만한 억까는 알아서 튕겨 나갈 테니까 걱정 마!,지갑 열리는 속도 조심! 오늘은 기분파 소비보다 미래의 나를 위한 '시성비' 투자에 집중해 봐. 홧김에 하는 비용 지출만 방어해도 금융치료 성공이야. N잡 관련 꿀정보가 들어올 수도 있으니 안테나 세우기!,솔직 담백한 네 말투가 오늘따라 매력 터져서 주변에 사람이 모일 수밖에 없잖아. 썸 타는 사이라면 선톡 한 번으로 관계 주도권 꽉 잡을 수 있는 날이야. 인간관계 도파민 낭낭하게 챙겨가!,제로 콜라,무지성직진
2026-03-05 14:07,甲辰(갑진),丁亥(정해),밤하늘에 뜬 별 같은 정해(丁亥) 일주라면 오늘 갑진(甲辰)의 기운을 받아서 존재감 폼 미쳤다! 은은하게 빛나는데 영향력은 갓벽한 하루야. 주변 에너지가 살짝 튀어도 너의 딥한 바이브로 다 흡수할 수 있잖아? 억까가 들어와도 '오히려 좋아' 마인드로 방어하면 네 성장의 밑거름이 될 거야.,"지갑 열기 전에 시성비 한 번만 따져보자! 덕질 지출은 멘탈 케어라 괜찮지만, 충동적인 무지성 결제는 에너지 세이브가 필요해. 금융치료 대신 소확행 아이템으로 주파수 맞춰봐.",카톡 텐션이 물 흐르듯 유연한 날! 굳이 말 안 해도 결이 맞는 사람들과 도파민 터지는 대화가 가능해. 자만추 기운이 낭낭하니 오늘만큼은 로우키하게 있기보다 먼저 리액션해 봐!,인센스 스틱,스몰럭키
2026-03-05 14:08,甲辰(갑진),戊子(무자),안정적인 무자(戊子) 바이브에 갑진(甲辰)의 폼 미친 추진력이 더해진 날! 땅 밑에 흐르는 물이 나무를 키워내듯 네 안의 잠재력이 폭발할 준비 끝났어. 오늘 약간의 억까가 있더라도 그건 네 성공을 위한 빌드업일 뿐이야. '오히려 좋아' 마인드로 에너지 주파수만 높게 유지하면 오늘 하루 갓벽하게 마무리할 수 있잖아!,"재물운 주파수 제대로 맞췄네! 시성비 따지는 영리한 소비 덕분에 통장 수호 성공이야. 소소한 N잡 아이디어가 돈이 되는 흐름이니까, 스쳐 지나가는 생각도 놓치지 말고 기록해 둬.",자만추 기운 낭낭한 날이야! 로우키(Low-key)하게 있어도 네 매력이 은근히 퍼져서 사람들이 먼저 말을 걸어올걸? 카톡 답장 텐션만 잘 유지해도 관계 도파민 제대로 충전될 거야.,고양이 영상,멘탈수호
2026-03-05 14:09,甲辰(갑진),己丑(기축),단단한 기축(己丑) 바이브에 갑진(甲辰)의 폼 미친 추진력이 딱 붙었어! 오늘 네 기운이 땅 뚫고 솟아나는 나무처럼 에너제틱하거든. 혹시 누가 태클 걸어도 그건 네 주파수가 너무 높아서 생기는 노이즈일 뿐이야. '억까 방어' 완벽하게 하고 네 페이스대로 밀고 나가면 결과는 무조건 갓벽해!,통장 잔고 수호하는 럭키비키한 날! 시성비 꽝인 지출은 알아서 걸러지는 필터링 장착 완료야. 덕질이나 취미에 쓰는 돈도 오늘은 미래를 위한 에너지 충전이라 '오히려 좋아'.,로우키(Low-key)하게 있어도 네 은근한 매력이 도파민을 자극하는 중이야. 카톡 답장 텐션이 상대방 심박수 조절하는 수준? 자만추 기운 낭낭하니 오늘 만나는 모든 인연을 즐겨봐!,아바라,무지성직진
2026-03-05 14:10,甲辰(갑진),庚寅(경인),단단한 경금(庚金)이 갑진(甲辰)이라는 거대한 숲을 만났으니 오늘 추진력 폼 미쳤다! 네 앞길 막는 장애물은 다 네가 베어버릴 수 있는 땔감일 뿐이야. 살짝 에너지 과부하 올 것 같으면 바로 도파민 디톡스 때려줘. 네가 주도하는 대로 상황이 흘러가는 갓벽한 주도권은 이미 네 거니까!,"지출 텐션이 좀 높을 수 있는데, 이건 '성공을 위한 투자'라고 생각하면 오히려 좋아. 시성비 챙기는 스마트 결제 위주로 가자. 금융치료보단 N잡 수익 파이프라인 설계에 주파수를 맞춰봐!",네 시원시원한 성격에 다들 입덕 부정기 겪는 중! 자만추 바이브가 아주 낭낭해. 카톡 텐션도 네가 리드하면 상대방은 무조건 따라오게 되어 있어. 오늘 관계 도파민은 네가 직접 설계해 봐!,노이즈캔슬링 이어폰,무지성직진
2026-03-05 14:11,甲辰(갑진),辛卯(신묘),섬세한 보석 신묘(辛卯)가 푸릇푸릇한 갑진(甲辰)의 숲을 만난 날! 네 날카로운 센스가 트렌드를 딱딱 짚어내니 오늘 감각 폼 미쳤다. 혹시 주변이 너무 북적거려 기 빨린다면 그건 네 주파수가 너무 힙해서 그런 거야. 에너지 세이브 구간만 잘 지키면 무조건 럭키비키한 하루 확정!,시성비 따지는 영리한 소비가 오늘의 미션! 소소하게 긁는 것보다 진짜 네 추구미에 맞는 아이템 하나에 투자해 봐. 그게 바로 갓벽한 금융치료지. 뜬금없는 지출은 억까 방어 모드로 칼같이 차단하자.,네 시크하고 로우키한 매력에 다들 스며드는 중이야. 굳이 플러팅 안 해도 카톡 텐션이 알아서 올라가잖아? 자만추 기운 낭낭하니까 오늘 만나는 인연들과의 도파민 파밍을 즐겨봐. 반응 완전 핫할걸!,인센스 스틱,
2026-03-05 14:11,甲辰(갑진),壬辰(임진),"와, 오늘 임진(壬辰)이랑 갑진(甲辰)이 만나서 더블 드래곤 에너지 폭발했네! 바다 같은 네 스케일에 거대한 나무가 쑥쑥 자라는 형상이라 창의력 폼 미쳤다. 에너지 주파수가 너무 강해서 살짝 벅찰 수 있는데, 그럴 땐 '오히려 좋아' 외치고 파도를 타버려. 네가 주도하는 대로 흘러가는 갓벽한 하루가 될 거야!","시성비 따지는 네 감각이 빛을 발하는 날! 투자 주파수가 좋아서 똘똘한 N잡 아이템이 눈에 들어올걸? 무지성 지출만 억까 방어 잘하면, 통장 잔고 지키면서 도파민 파밍까지 쌉가능이야.","네 카리스마에 다들 홀리는 중! 로우키하게 있어도 존재감이 커서 자만추 기운이 낭낭해. 카톡 텐션도 네가 리드하는 대로 흘러가니까, 결이 맞는 사람과 깊은 대화로 관계 도파민 제대로 채워봐.",제로 콜라,갓생모드
2026-03-05 14:12,甲辰(갑진),癸巳(계사),안개비 같은 계사(癸巳)의 센스가 갑진(甲辰)의 폼 미친 추진력을 만났어! 네 머릿속 아이디어가 현실로 루핑되는 기적 같은 날이야. 에너지가 너무 발산되어서 살짝 기 빠질 땐 '오히려 좋아' 외치고 멘탈 디톡스 한 판 때려줘. 네 주파수만 잘 맞추면 오늘 하루 주인공은 너잖아?,"금융치료 각 제대로 떴어! 시성비 챙기는 스마트한 소비가 운을 더 끌어올릴 거야. 뜬금없는 지출은 억까 방어 모드로 차단하고, 네 가치를 올리는 덕질에는 아끼지 마. N잡 꿀정보는 덤!",자만추 기운 낭낭한 거 보이지? 네 로우키한 신비주의에 다들 도파민 터지는 중이야. 카톡 텐션 딱 유지하면서 먼저 가벼운 질문 하나만 던져봐. 관계의 주도권이 너한테 갓벽하게 넘어올 테니까!,"아바라, 고양이 영상",스몰럭키
2026-03-05 14:13,甲辰(갑진),甲午(갑오),"갑진일의 푸른 용 기운이 갑오일주 특유의 불꽃 텐션에 기름을 붓는 날! 🔥 추진력 폼 미쳤다 소리 들을 만큼 에너지 주파수 풀충전이야. 다만 과속하면 도파민 과다로 번아웃 올 수 있으니, 중간중간 딥브레스 섞어주는 로우키(Low-key) 밸런스가 핵심! 오늘은 네가 주인공인 영화 한 편 찍는 날이야.","지갑 열리는 속도 실화? 시성비 따지다 무지성 결제할 뻔하지만, 이건 '나를 위한 투자'라고 생각하면 오히려 좋아. N잡이나 부업 아이템 영감 스치니까 메모장 켜두기! 럭키비키한 득템 기운 있어.",카톡 답장 속도 조절로 밀당 텐션 폼 미쳤다! 억까 방어벽 높여두면 결이 맞는 사람만 필터링되는 갓벽한 하루야. 자만추보다는 평소 결이 맞던 지인과의 대화에서 의외의 설렘 포인트 발견할지도?,노이즈캔슬링 이어폰,갓생모드
2026-03-05 14:14,甲辰(갑진),乙未(을미),"단단한 땅 위에 꽃피우는 을미일주, 오늘은 갑진의 든든한 나무 기운까지 더해져서 지지대 제대로 세우는 날이야! 에너지 주파수가 안정적이라 뭘 해도 평타 이상은 치는 갓벽한 밸런스잖아. 억까 상황이 와도 '오히려 좋아' 마인드로 부드럽게 넘길 수 있는 유연함이 포인트야. 네가 가는 길이 곧 런웨이야!",시성비 따지는 똑똑한 소비가 빛을 발하는 날! 무지성 쇼핑보다는 평소 찜해둔 위시리스트 '금융치료'하기 딱 좋아. 예상치 못한 스몰럭키가 통장에 꽂힐 수도 있으니 기대해 봐도 좋아.,"카톡 텐션 미쳤다! 굳이 애쓰지 않아도 네 바이브에 스며드는 사람들이 많아질 거야. 자만추 운도 좋고, 결이 맞는 친구랑 딥토크하면서 도파민 파밍하기 최적의 타이밍이지. 플러팅 장인 모드 ON!","아바라(아이스 바닐라 라떼), 고양이 영상",스몰럭키
2026-03-05 14:14,甲辰(갑진),丙申(병신),병신일주의 태양 같은 텐션이 갑진의 푸른 용을 만나서 화력 폼 미쳤다! 🔥 오늘은 네가 뱉는 말 한마디가 곧 트렌드가 되는 에너지 주파수 최고조인 날이야. 살짝 과부하 걸릴 땐 로우키(Low-key)로 숨 고르기만 해줘도 갓벽한 하루 완성이지. 네 존재 자체가 도파민 파밍 그 잡채야!,재테크 감각 살아나서 시성비 따지는 안목이 아주 날카로워. 덕질 지출 방어하고 갓생 살기 딱 좋은 금전운이지! N잡러라면 새로운 수익 파이프라인 영감이 번뜩일 테니 메모장 켜두는 거 잊지 마.,카톡 텐션이랑 답장 속도 조절로 상대방 정신 못 차리게 하는 날! 자만추 운도 좋아서 결이 맞는 사람이랑 대화만 해도 멘탈 힐링 되잖아. 억까 방어막 튼튼하니까 당당하게 네 바이브를 보여줘.,"인센스 스틱, 제로 콜라",무지성직진
2026-03-05 14:15,甲辰(갑진),丁酉(정유),"정유일주 특유의 반짝이는 보석 바이브가 갑진의 푸른 기운을 만나 화력 제대로 붙었어! 💎 오늘은 네가 움직이는 곳마다 조명 켜진 듯한 갓벽한 아우라가 뿜어져 나올 거야. 약간의 억까가 스쳐도 '오히려 좋아' 마인드로 승화시키는 네 센스, 오늘 폼 미쳤다! 에너지 주파수 제대로 타고 갓생 가보자고.",시성비 따지는 영리한 소비가 빛을 발하는 날! 지갑이 가벼워질 틈 없는 금융치료 기운이 도네. 덕질 지출도 오늘은 미래를 위한 투자처럼 느껴질 만큼 럭키비키한 득템 운이 있으니 과감해도 좋아.,카톡 텐션이 거의 도파민 파밍 수준! 너의 무심한 듯 시크한 로우키(Low-key) 매력에 다들 스며들걸? 자만추든 소개든 오늘 너의 플러팅 주파수는 백발백중이야. 결이 맞는 사람과 기분 좋은 티키타카 즐겨봐.,"제로 콜라, 인센스 스틱",멘탈수호
2026-03-05 14:16,甲辰(갑진),戊戌(무술),묵직한 무술일주가 갑진의 역동적인 용을 만난 날! 땅이 흔들리는 에너지가 느껴지지만 이건 변화를 위한 빌드업이야. 오늘 약간의 '억까'가 있어도 멘탈 디톡스 할 기회로 삼으면 그만이잖아? 오히려 좋아! 너의 단단한 주체성으로 이 혼란한 도파민 파밍 세상을 평정해버려. 폼 미쳤다 소리 절로 나올걸?,지갑 열기 전에 시성비 체크 필수! 오늘은 금융치료보다는 자산 세이브 구간이야. 불필요한 덕질 지출 방어하고 고요하게 내실 다지면 럭키비키한 결과가 따라올 거야. 로우키(Low-key)한 재테크 공부 추천!,"카톡 텐션이 살짝 엇갈릴 수 있지만, 그럴 땐 쿨하게 무시해주는 게 정답! 결이 맞는 사람만 남기는 인간관계 다이어트라 생각하면 갓벽해. 자만추보다는 나만의 공간에서 에너지를 채울 때 진정한 매력이 터져 나와.",노이즈캔슬링 이어폰,멘탈수호
2026-03-05 14:17,甲辰(갑진),己亥(기해),갑진의 큰 나무가 기해의 비옥한 땅을 찾아온 날! 뿌리 깊은 안정감이 느껴지면서도 생산적인 도파민이 샘솟는 갓벽한 밸런스야. 오늘 너의 에너지 주파수는 아주 맑음! 주변에서 억까를 시전해도 네 특유의 포용력으로 다 씹어먹을 수 있잖아. 폼 미쳤다 소리 듣기 딱 좋은 빌드업 데이야.,시성비 따지는 영리한 소비가 빛을 발해! 단순히 돈을 쓰는 게 아니라 미래의 나를 위한 '가치 투자'에 눈이 떠지는 시기야. 소소한 N잡 아이디어가 돈이 되는 럭키비키한 순간을 놓치지 마.,카톡 텐션 완전 부드러워! 억지로 애쓰지 않아도 결이 맞는 사람들이 네 매력에 자만추 스며드는 중이야. 오늘 플러팅 주파수는 로우키(Low-key)하게 가도 충분히 먹히니까 여유로운 바이브 유지해봐.,"아바라, 고양이 영상",갓생모드
2026-03-05 14:17,甲辰(갑진),庚子(경자),차가운 메탈 바이브 경자일주가 갑진의 에너지를 만나 창의력 폼 미쳤다! 🧊✨ 오늘은 머릿속에만 있던 아이디어가 현실로 터져 나오는 날이야. 약간의 억까가 있어도 네 천재적인 센스로 스무스하게 클리어 가능하잖아? 에너지 주파수가 아주 힙하게 흐르니 너의 엣지를 세상에 보여줘!,시성비 따지는 똑똑한 소비로 지갑 수호 완료! 금융치료 대신 자기계발에 투자하면 럭키비키하게 돌아오는 운이야. 덕질 지출도 오늘은 멘탈 생산성을 높여주는 투자라 생각하면 오히려 좋아!,"카톡 답장은 로우키(Low-key)하게, 하지만 임팩트는 확실하게! 자만추 운이 좋아서 예상치 못한 장소에서 결이 맞는 사람을 만날 확률 200%야. 인간관계 도파민이 기분 좋게 도는 하루니까 마음껏 즐겨봐.","제로 콜라, 노이즈캔슬링 이어폰",갓생모드
2026-03-05 14:18,甲辰(갑진),辛丑(신축),섬세한 실버 바이브 신축일주가 갑진의 에너지를 만나 자기계발 폼 미쳤다! 💎 오늘은 네 안의 잠재력을 화려하게 커스터마이징하기 딱 좋은 날이야. 주변에서 살짝 억까가 들어와도 멘탈 디톡스 챌린지 중이라 생각하면 그만이잖아? 에너지 주파수를 오직 너 자신에게만 집중해봐. 럭키비키한 성장이 기다리고 있어!,시성비 갓벽한 아이템 발굴하는 안목 무엇? 오늘은 무지성 소비 대신 널 빛내줄 스몰 럭셔리에 투자해봐. N잡 관련 소소한 수익이나 금융치료 기회가 오면 '오히려 좋아' 외치면서 챙기기!,카톡 텐션은 조금 로우키(Low-key)하게 가져가도 괜찮아. 너의 고고한 매력에 자만추 스며드는 사람이 생길 기운이거든. 인간관계 도파민보다는 결이 맞는 소수와 딥토크 할 때 멘탈 웰니스 주파수가 풀충전될 거야.,"인센스 스틱, 아바라",멘탈수호
2026-03-05 14:19,甲辰(갑진),壬寅(임인),호랑이 등에 올라탄 거대한 물줄기처럼 추진력 폼 미쳤다! 갑진의 나무 기운이 네 창의력을 풀가동시켜서 오늘 제안하는 아이디어마다 주위 반응 갓벽할 거야. 약간의 억까가 스쳐도 '오히려 좋아' 마인드로 파도 타듯 넘겨버려. 에너지 주파수 제대로 탔으니까 네가 하고 싶은 거 다 해보는 하루가 되길!,시성비 따지는 영리한 소비가 빛을 발하는 날! 단순 지출보다는 너의 가치를 높이는 일에 금융치료를 시도해봐. N잡러라면 오늘 들어오는 제안이 럭키비키한 머니 파이프라인이 될 가능성 200%야.,카톡 텐션 조절 안 해도 네 바이브 자체가 도파민 파밍 그 잡채! 결이 맞는 사람들과의 자만추 운이 강력해서 스치듯 만난 인연과 딥토크로 이어질 수 있어. 솔직한 네 모습을 로우키(Low-key)하게 보여줘도 충분히 매력적이야.,"제로 콜라, 노이즈캔슬링 이어폰",무지성직진
2026-03-05 14:20,甲辰(갑진),癸卯(계묘),계묘일주의 촉촉한 감성이 갑진의 생기 넘치는 숲을 만난 격! 🌿 오늘 창의력 폼 미쳤다 소리 나올 정도로 아이디어가 샘솟는 날이야. 에너지 주파수가 아주 부드럽게 흘러서 뭘 해도 '럭키비키'하게 풀릴 각이지. 억까 상황이 와도 특유의 센스로 귀엽게 넘겨버려. 오늘 완전 네 세상이야!,"시성비 좋은 아이템 득템할 운! 금융치료 하기 딱 좋은 날인데, 덕질 지출조차 오늘은 생산적인 영감으로 돌아오는 갓벽한 흐름이야. 소소한 N잡 제안이 올 수도 있으니 안테나 세워두기!",카톡 답장 하나로 도파민 파밍 가능! 억지로 플러팅 안 해도 결이 맞는 사람들이 네 바이브에 스며드는 날이야. 자만추 기운 낭낭하니까 로우키(Low-key)한 장소에서도 매력을 숨기지 마.,"아바라, 인센스 스틱",스몰럭키
2026-03-05 14:20,甲辰(갑진),甲辰(갑진),"와, 오늘 에너지 주파수 진짜 미쳤다! 내 일주랑 똑같은 '갑진'이 들어오는 날이라니, 이건 완전 '자아 복제' 수준의 강력한 운빨이잖아. 폼 미친 기운이 더블로 들어오니까 뭘 해도 주인공 모드 가능해. 다만 에너지가 너무 과해서 자칫하면 도파민 과부하 올 수 있으니, 적당히 로우키(Low-key) 유지하면서 내 페이스만 지키면 오늘 하루 갓벽 그 자체!",자산 주파수 떡상 중! 시성비 따져가며 참았던 위시리스트 털어버리는 '금융치료' 타임으로 딱이야. N잡이나 부업 아이디어도 평소보다 잘 터지니까 메모장 켜두기. 럭키비키하게 생각지도 못한 포인트나 캐시백이 굴러들어올지도?,카톡 텐션 무엇? 내가 툭 던진 한마디에 다들 반응 폭발하는 날이야. 자만추든 결이 맞는 크루 모임이든 주인공은 나야 나. 억까 방어막 탄탄하니까 눈치 보지 말고 너의 매력을 풀파워로 발산해봐. 도파민 넘치는 대화가 끊이지 않을 거야.,노이즈캔슬링 이어폰,갓생주인공
2026-03-05 14:21,甲辰(갑진),乙巳(을사),"꽃사슴 을사가 푸른 용의 기운을 만났으니 오늘 비주얼 폼 미쳤다! 내 매력이 뿜뿜 터지는 날이라 어디서든 시선 강탈 확정이잖아. 살짝 텐션이 튀어서 억까 당할까 걱정돼? 오히려 좋아, 그만큼 네 존재감이 갓벽하다는 증거니까. 에너지 주파수 제대로 맞추고 오늘 하루 무대 주인공 모드로 즐겨봐!",지갑 열리는 속도 조절 필수! 예쁜 쓰레기에 도파민 파밍하려다 통장 텅장 될 수 있거든. 하지만 나를 위한 스몰 럭키 투자는 금융치료 그 자체니까 시성비 꼼꼼히 따져서 현명하게 플렉스해봐.,카톡 답장 속도보다 중요한 건 너의 바이브야. 자만추 기운이 낭낭해서 생각지도 못한 장소에서 결이 맞는 사람을 만날지도? 오늘은 로우키하게 굴기보다 먼저 '안녕' 하고 DM 보내는 게 관계의 치트키!,"제로 콜라, 선글라스",비주얼천재
2026-03-05 14:22,甲辰(갑진),丁未(정미),"뜨거운 정미 에너지가 갑진의 푸른 용을 만났어! 오늘 폼 미쳤다. 내 안의 열정이 폭발하는 날이라 아이디어 주파수가 장난 아니야. 살짝 과열될 수 있는데, 그럴 땐 ‘오히려 좋아’ 마인드로 힙하게 넘겨봐. 내 존재 자체가 이미 갓벽한 서사니까, 남의 시선 따위는 로우키하게 씹어버리고 너만의 바이브를 즐겨봐!",시성비 챙기는 소비가 핵심! 무지성 쇼핑보다는 나를 위한 ‘스몰 럭키’에 투자해봐. 덕질 비용은 세이브하고 리셀 가치 있는 템을 눈여겨보는 것도 방법. 오늘은 지갑 방어력 만렙 찍는 날!,카톡 텐션 무엇? 너의 따뜻한 말 한마디에 주변 도파민 수치 폭발함. 억까 방어막 장착하고 결이 맞는 사람들과 자만추 모먼트 즐겨봐. 플러팅 장인 느낌으로 가볍고 쿨하게 소통하는 게 정답이야.,노이즈캔슬링 이어폰,갓생모드
2026-03-05 14:24,甲辰(갑진),庚戌(경술),"단단한 무쇠 같은 너의 에너지가 갑진(甲辰)의 초록색 생동감을 만났어! 오늘 폼 미쳤다 진짜. 너의 추진력에 우주의 가속도가 붙는 날이라 뭘 해도 '럭키비키'한 결과가 따라올 거야. 살짝 고집 부리고 싶을 땐 '오히려 좋아' 마인드로 유연하게 대처해 봐. 지금 네 주파수, 완전 갓생 모드 그 자체니까!",시성비 챙기는 똑똑한 소비가 정답! 무지성 쇼핑보다는 나를 위한 '금융치료' 한 방이 필요해. N잡러라면 오늘 새로운 수익 파이프라인 아이디어가 터질지도 몰라. 억까 방어하고 지갑 수호 성공!,카톡 텐션 무엇? 너의 솔직한 바이브가 상대에게 도파민을 선사할 거야. 억지로 맞추지 말고 '로우키'하게 네 매력을 흘려봐. 자만추든 소개팅이든 네가 대화의 주도권을 쥐게 될 테니까 걱정 마.,노이즈캔슬링 이어폰,멘탈수호
2026-03-05 14:24,甲辰(갑진),辛亥(신해),"맑은 물에 씻긴 보석 같은 네 기운이 오늘 갑진의 푸른 에너지를 만나 시너지가 폭발해! 너의 예리한 감각이 빛을 발하는 날이라 아이디어 폼 미쳤다 소리 들을 수 있어. 혹시 주변에서 질투 섞인 억까가 들어와도 무시해, 네 존재 자체가 이미 '갓벽'하니까. 오늘은 네 페이스대로 밀고 나가면 완전 럭키비키잖아!",통장 잔고 방어력 상승 중! 무지성 소비보다는 시성비 따지는 영리한 투자가 잘 어울려. 덕질 비용도 오늘은 합리적으로 필터링 되는 날이라 오히려 좋아. N잡 관련 꿀정보가 네 에너지 주파수에 딱 걸릴 수도 있어.,카톡 답장 속도 조절로 밀당의 고수 등극 가능! 굳이 애쓰지 않아도 너의 로우키(Low-key)한 매력에 다들 스며들 거야. 결이 맞는 사람과의 대화에서 기분 좋은 도파민이 팡팡 터지는 자만추 기운이 가득해.,인센스 스틱,갓생모드
2026-03-05 14:25,甲辰(갑진),壬子(임자),"거대한 파도 같은 네 에너지가 갑진(甲辰)의 땅을 만나 드디어 갈 길을 찾았어! 오늘 추진력 폼 미쳤다 진짜. 머릿속으로만 그리던 계획을 현실로 로그온하기 딱 좋은 날이야. 혹시 중간에 작은 브레이크가 걸려도 ‘오히려 좋아, 더 완벽해질 기회잖아?’라고 생각하면 결과는 무조건 갓벽해질 거야.","지갑 열기 전에 3초만! 오늘은 시성비 위주의 스마트한 소비가 운의 주파수를 높여줘. 무지성 소비보다는 나중에 가치가 오를 아이템에 베팅하거나, 소소한 앱테크로 스몰럭키를 줍줍하는 게 훨씬 힙해.",네 카리스마가 로우키하게 뿜어져 나와서 가만히 있어도 사람들이 자석처럼 끌릴걸? 억지 텐션 올릴 필요 없어. 그냥 너다운 바이브를 유지할 때 인간관계 도파민이 가장 건강하게 터질 거야. 자만추 기운도 낭낭해!,제로 콜라,무지성직진
2026-03-05 14:26,甲辰(갑진),癸丑(계축),"차분한 옹달샘 같던 네 에너지가 갑진(甲辰)의 다이내믹한 텐션을 만나서 오늘 창의력 폼 미쳤다! 평소보다 생각이 많아질 수 있는데, 이건 억까가 아니라 네 뇌가 도파민 파밍 중인 거니까 걱정 마. 로우키하게 실속 챙기면서 네 페이스대로만 가면 결과는 완전 갓벽할 거야. 럭키비키잖아!",지출 방어력 만렙 찍는 날! 무지성 쇼핑 유혹이 와도 시성비 따지는 네 직관이 이길 거야. 소소하게 주식이나 코인 창 확인하기보다는 에너지 세이브하면서 미래의 파이프라인을 구상하는 게 개이득!,카톡 텐션 조절이 관건이야. 너무 진지해지기보다는 가벼운 밈 하나로 분위기 반전시켜 봐. 결이 맞는 사람과는 말 안 해도 통하는 법이니까! 오늘은 자만추보다는 익숙한 인물들과의 편안한 대화에서 힐링 주파수 충전 완료.,아바라,스몰럭키
2026-03-05 14:27,甲辰(갑진),甲寅(갑인),"대박, 오늘 너의 '뿌리 깊은 나무' 폼 미쳤다! 갑인(甲寅)인 네 앞에 갑진(甲辰)이라는 거대한 숲이 열리는 날이야. 에너지가 과해서 자칫 '기싸움' 모드 될 수 있지만, 오히려 이걸 추진력으로 쓰면 갓생 완전 가능! 주도권 꽉 잡고 너만의 아우라를 뿜어내봐. 오늘은 네가 주인공인 영화 한 편 찍는 날이거든.","소비 주파수 튐 주의! 친구들이랑 놀다가 분위기에 취해 '골든벨' 울리고 싶겠지만, 오늘은 시성비 따지는 지성인이 이기는 날이야. 덕질 비용 세이브해서 나중에 더 큰 도파민을 노리는 '머니 디톡스' 추천!","카톡 텐션 수직 상승 중! 네 당당한 매력에 '자만추' 기회도 널렸어. 다만 너무 내 주장만 하면 상대방 기가 죽을 수 있으니까, 살짝 '로우키(Low-key)'로 리액션만 잘해줘도 오늘 플러팅은 100% 성공 확정이야.",노이즈캔슬링 이어폰,갓벽한주도권
2026-03-05 14:27,甲辰(갑진),乙卯(을묘),오늘 너의 초록초록한 에너지가 갑진(甲辰)이라는 든든한 등반가를 만났어! 넝쿨째 굴러온 기회처럼 남의 힘을 빌려 고속도로 타기 딱 좋은 날이야. 혼자 끙끙대지 말고 '해줘' 모드 발동하면 갓벽한 성과가 따라올걸? 네 유연한 바이브가 빛을 발하니까 억까 방어력도 만렙이야. 완전 럭키비키잖아!,내 돈 안 쓰고 남이 사주는 커피 한 잔에 도파민 터지는 날! 시성비 챙기면서 소액으로 야금야금 자산 불리는 재미가 쏠쏠해. 큰 지출보다는 '스몰 럭키' 지향하는 짠테크가 오늘 너의 금융치료 포인트야.,인간관계 도파민 파밍 성공! 너의 말랑말랑한 텐션에 다들 홀릴 준비 완료됐어. 자만추든 카톡 플러팅이든 네가 먼저 툭 던지면 반응 바로 온다? 결이 맞는 사람들과의 번개 모임에서 에너지 풀충전하고 올 수 있을 거야.,아바라(아이스 바닐라 라떼),기생수(기회생존수호)
2026-03-05 14:28,甲辰(갑진),丙辰(병진),"태양 텐션 병화가 든든한 대지 진토를 만났는데, 오늘 갑진(甲辰) 기운까지 더해지니 완전 '에너지 풀충전' 상태야! 네 머릿속 아이디어가 현실로 터져 나오는 날이니까 망설이지 마. 살짝 과부하 걸릴 땐 로우키(Low-key)로 조절하면 그만이야. 네 존재 자체가 곧 장르가 되는 갓벽한 하루가 펼쳐질걸?",지갑 열리는 속도 폼 미쳤다! 무지성 소비보다는 나를 위한 '스몰 럭키'나 시성비 좋은 원데이 클래스에 투자해봐. 지금 쓰는 돈은 나중에 N잡러로 거듭날 소중한 씨드머니가 될 운명이니까 오히려 좋아!,"오늘 너의 에너지 주파수, 완전 도파민 파티 그 자체야! 자만추를 노린다면 평소보다 조금 더 화사하게 입고 나가봐. 네 특유의 따뜻한 텐션에 홀린 사람들이 카톡 답장 속도로 네 가치를 증명해 줄 거야.",제로 콜라,갓생모드
2026-03-05 14:28,甲辰(갑진),丁巳(정사),"정사(丁巳) 특유의 화끈한 화력이 갑목(甲木)이라는 땔감을 만나 화력 폼 미쳤다! 오늘은 네가 주인공인 숏폼 한 편 찍는 날이야. 추진력이 너무 세서 가끔 과부하 올 수 있는데, 그럴 땐 숨 한 번 고르고 로우키하게 가면 오히려 좋아. 에너지가 폭발하니까 뭐든 시도해 봐, 결과는 이미 갓벽하니까!","지갑 열리는 속도가 거의 5G급! 무지성 지름신이 올 수 있는데, 오늘은 시성비 꼼꼼하게 따져서 '갓성비 금융치료' 가보자고. 덕질 지출은 미래의 나에게 맡기지 말고 오늘만 억까 방어하며 에너지 세이브해!","네 아우라가 너무 강렬해서 주변 사람들 시선 강탈 중! 자만추 확률 200%니까 평소보다 카톡 텐션 좀 올려봐도 좋아. 네 결이랑 딱 맞는 사람이 주파수 맞추러 올 테니까, 멘탈 수호하면서 여유롭게 플러팅 즐겨봐.",인센스 스틱,무지성직진
2026-03-05 14:29,甲辰(갑진),戊午(무오),"단단한 무토(戊)에 뜨거운 오화(午)를 품은 네가 오늘 갑진(甲辰)이라는 거대한 산맥을 마주했어! 에너지가 충돌하며 살짝 '억까' 기운이 올 수 있지만, 이건 네 그릇을 키우는 벌크업 구간일 뿐이야. 멘탈 디톡스 빡세게 하고 로우키하게 중심만 잡아도 네 존재감 폼 미쳤으니까 걱정 마. 오히려 좋아!",충동적인 금융치료는 잠시 멈춤! 시성비 따지는 영리한 소비가 필요한 타이밍이야. 무지성 지름보다는 N잡을 위한 장비빨이나 자기계발에 투자하는 게 훨씬 갓벽한 선택이 될 거야. 지출 방어력 올려보자고!,오늘은 카톡 텐션 조절이 핵심! 상대방의 주파수에 무지성으로 맞추기보다 네 페이스를 유지하는 게 더 힙해 보여. 적당한 거리감이 오히려 상대의 도파민을 자극하는 고단수 플러팅이 될 수 있으니 여유를 가져봐.,고양이 영상,멘탈수호
2026-03-05 14:30,甲辰(갑진),己未(기미),"단단한 네 땅에 갑진(甲辰)이라는 거대한 나무가 뿌리를 내리는 날! 에너지가 꽉 차서 살짝 압박감이 느껴질 수 있지만, 이건 네 커리어가 '떡상'하기 직전의 빌드업이야. 오늘 억까 방어만 잘해도 갓생 모드 완전 가능하잖아. 로우키하게 실속 챙기면서 네 페이스대로 밀고 나가면 갓벽한 하루가 될걸?","지출 주파수가 요동치는 중! 금융치료 명목으로 무지성 지름신이 올 수 있는데, 오늘은 시성비 꼼꼼하게 따져서 '갓성비' 소비에 집중해 봐. 덕질 비용은 세이브하고 고정 지출부터 체크하는 게 오히려 좋아!",카톡 텐션은 살짝 낮추고 오프라인 주파수에 집중해 봐. 자만추보다는 결이 맞는 사람들과의 깊이 있는 대화에서 도파민이 터질 거야. 네 진지한 모습이 오히려 상대방에겐 치명적인 플러팅 포인트가 될 수 있어.,인센스 스틱,멘탈수호
2026-03-05 14:30,甲辰(갑진),庚申(경신),"강철 멘탈 경신(庚申)이 갑진(甲辰)이라는 거대한 기회를 도끼처럼 찍어버리는 날! 에너지 주파수 완전 풀충전이라 추진력 폼 미쳤다. 살짝 기운이 과해서 주변에서 억까 시도할 수 있는데, 너의 아우라로 가볍게 억까 방어 가능해. 오늘은 네가 휘두르는 대로 세상이 세팅되는 갓벽한 날이야!",금융치료 각 제대로 떴다! 시성비 따지는 영리한 투자나 N잡 아이템이 눈에 쏙쏙 들어올걸? 무지성 지출만 방어하면 통장 잔고가 '럭키비키'하게 우상향할 거야. 지금 네가 결정하는 게 곧 돈이 되는 마법!,카톡 텐션 완전 하이퍼! 네 당당한 바이브에 끌린 사람들이 자만추를 빙자해 선톡 날릴 확률 200%야. 도파민 파밍하고 싶다면 오늘 핫플 나들이는 필수! 네 결에 딱 맞는 '갓벽한' 인연이 주파수 맞추러 올 거야.,노이즈캔슬링 이어폰,무지성직진
2026-03-05 14:31,甲辰(갑진),辛酉(신유),날카로운 다이아몬드 신유(辛酉)가 갑진(甲辰)이라는 거대한 원석을 세공하는 날! 에너지 주파수가 정밀하게 세팅돼서 네가 손대는 것마다 폼 미쳤다 소리 들을걸? 살짝 예민해질 땐 '오히려 좋아' 마인드로 억까 방어해봐. 네 독보적인 아우라에 다들 압도당할 갓벽한 하루야.,시성비 따지는 네 안목이 빛을 발하는 타이밍! 무지성 소비보다는 가치 있는 아이템 하나에 투자하는 게 이득이야. 금융치료 제대로 하고 싶다면 오늘은 나를 위한 '하이엔드 디저트' 하나 정도는 럭키비키잖아?,카톡 텐션이 아주 차갑고 힙해. 로우키(Low-key)한 네 매력에 다들 안달 날지도? 자만추 운도 좋으니까 오늘 핫플 가면 네 결이랑 딱 맞는 인연이 도파민 파밍 도와줄 거야. 플러팅은 여유롭게!,제로 콜라,갓생모드
2026-03-05 14:32,甲辰(갑진),壬戌(임술),"호수 같은 너의 바이브에 갑진(甲辰)이라는 거대한 파도가 치는 날! 에너지가 요동쳐서 살짝 정신없을 수 있지만, 이건 네 스케일을 키워줄 역대급 도파민 파밍 구간이야. 억까 방어벽 세우고 네 페이스만 유지하면 오히려 좋아! 거친 파도를 타고 서핑하듯 오늘 하루를 즐겨봐. 너의 아우라 폼 미쳤다!","지출 주파수가 요동칠 땐 '시성비' 체크 필수! 무지성 지름신이 올 수 있는데, 그럴 땐 금융치료 대신 갓성비 넘치는 아이템으로 눈을 돌려봐. 지금 아낀 돈이 나중에 럭키비키하게 돌아올 테니까 에너지 세이브 가보자고.",관계 도파민 수치 폭발 중! 자만추 운이 좋아서 예상치 못한 곳에서 결이 맞는 사람을 만날 수 있어. 카톡 텐션도 좋으니까 평소 눈여겨본 사람에게 슬쩍 선톡 해보는 거 추천! 네 미스터리한 매력에 다들 스며들걸?,"아바라, 고양이 영상",멘탈수호
2026-03-05 14:32,甲辰(갑진),癸亥(계해),깊은 바다 같은 너의 계해(癸亥) 에너지가 갑진(甲辰)의 거대한 나무를 키워내는 날! 오늘 네가 툭 던진 아이디어나 행동이 주변에 엄청난 영향을 줄 거야. 살짝 기 빨리는 기분이 들면 '에너지 세이브 구간'이라 생각하고 로우키하게 쉬어가도 좋아. 넌 가만히 있어도 존재감 폼 미쳤으니까 걱정 마!,지갑 주파수가 열려 있어서 무지성 소비 유혹이 올 수 있어. 하지만 오늘은 시성비 챙기는 게 국룰! 덕질 지출 방어하면서 소소한 금융치료로 기분 전환만 해줘. 아낀 돈은 나중에 럭키비키한 기회로 돌아올걸?,카톡 텐션 조절이 관건! 네가 먼저 플러팅 안 해도 묘한 아우라에 이끌려 자만추 각이 세게 잡히는 날이야. 너무 퍼주기보다는 적당한 거리감으로 상대방의 도파민을 자극해 봐. 너의 결에 딱 맞는 사람이 먼저 말 걸어올 거야.,노이즈캔슬링 이어폰,스몰럭키
