animal,iljin,오늘의_한줄,운세_텍스트,럭키_포인트,텐션_레벨,생성시각
토끼띠,壬寅(임인),호랑이 기운에 올라탄 토끼! 도파민 터지는 갓생 모드 ON.,임인일의 시원한 물줄기와 호랑이의 파워가 너의 섬세한 매력과 만나 시너지가 폭발해! 평소보다 추진력이 수직 상승하는 날이라 네가 꿈꾸던 ‘추구미’를 현실로 만들기에 딱이야. 시성비 챙기면서 네 페이스대로 밀고 나가면 결과는 완전 럭키비키! 유니버스가 너의 모든 도전을 응원하고 있어.,"스카이 블루, 노이즈 캔슬링 헤드셋",92,2026-03-07 10:57:19
닭띠,己卯(기묘),멈춰있던 프로젝트에 터보 엔진 장착! 도파민 터지는 성취감.,기묘일의 부드러운 토끼 에너지가 닭띠의 날카로운 분석력과 만나 갓생 시너지가 폭발해요. 평소 고민하던 일들이 '오히려 좋아' 마인드와 만나며 럭키비키하게 풀릴 운명! 시성비 챙기며 효율적으로 움직이면 커리어 상승 곡선 제대로 탈 수 있어요. 주저하지 말고 당신의 추구미를 당당하게 드러내 보세요.,"메탈릭 실버, 비타민 음료",92,2026-03-07 10:58:44
호랑이띠,癸卯(계묘),수분 가득 머금은 숲의 왕! 오늘은 유연함이 곧 필승 전략이야.,계묘일의 촉촉한 기운이 호랑이의 열정에 부드러움을 더해주는 날이야. 무조건 직진하기보다 물 흐르듯 유연하게 대처하면 도파민 터지는 성과가 따라올 거야. 주변 사람들과의 케미가 폭발하니 협업은 완전 럭키비키! 시성비 챙기면서 여유롭게 갓생 살기 딱 좋은 흐름이니까 본인의 매력을 마음껏 발산해 봐.,"민트색, 무선 이어폰",88,2026-03-07 11:00:03
호랑이띠,壬申(임신),역동적인 변화의 파도! 유연하게 타면 갓생 레전드 찍는 날이야.,"강한 쇠의 기운이 호랑이의 열정과 만나 스파크가 튀는 날! 갑작스러운 스케줄 변화도 오히려 좋아, 이게 바로 럭키비키잖아? 정면 돌파보다는 상황에 맞춰 스탠스를 바꾸는 게 진정한 추구미야. 이동수가 있으니 힙한 팝업 스토어나 새로운 장소에서 도파민을 충전해 봐. 시성비 넘치는 선택이 너를 빛내줄 거야.","실버 액세서리, 탄산수",82,2026-03-07 11:00:30
개띠,甲寅(갑인),큰 나무 옆에서 폼나게! 인맥 도파민 터지는 럭키비키한 하루✨,갑인일의 강력한 나무 기너지가 개띠의 든든함을 만나 시너지가 폭발해요! 혼자 갓생 살기보다 힙한 크루들과 협업할 때 성과가 더 잘 나오는 날. 리더십을 발휘하면 주변에서 '추구미'로 꼽힐지도 몰라요. 시성비 챙기는 효율적인 소통으로 우정까지 다 잡는 갓벽한 하루를 보내보세요!,"포레스트 그린, 스마트 워치",92,2026-03-07 11:01:05
호랑이띠,庚申(경신),강철 멘탈로 갓생 모드 ON! 변화를 즐기면 오히려 럭키비키잖아?,"금기운 뿜뿜하는 경신일, 호랑이띠의 열정이 시원한 에어컨을 만난 느낌! 예상치 못한 스케줄 변화가 생겨도 당황 금지. 오히려 새로운 영감을 주는 도파민 찬스예요. '오히려 좋아' 정신으로 정면 돌파하면 본인만의 독보적인 추구미 완성! 오늘은 시성비 따지지 말고 과감하게 직진해보세요.","실버 액세서리, 화이트 셔츠",85,2026-03-07 11:01:36
토끼띠,甲午(갑오),에너지 풀충전 완료! 내 매력이 핫하게 터지는 갓생 데이✨,갑오일의 화끈한 불꽃 에너지가 우리 토끼띠의 귀여움에 힙함을 더해줘요! 오늘은 가만히 있어도 주목받는 날이라 오히려 좋아. 평소 원하던 추구미를 당당하게 드러내면 도파민 터지는 좋은 소식이 들려올 거예요. 시성비 따지지 말고 나를 위한 선물 하나면 완전 럭키비키잖아!,"레드 립, 빈티지 키링",95,2026-03-07 11:02:09
개띠,丁亥(정해),따뜻한 등불 아래 힐링 타임! 내면의 도파민이 차오르는 날✨,정해일의 은은한 등불 에너지가 개띠의 성실함과 만나 완전 갓생 바이브 완성! 오늘은 밖으로 에너지를 쓰기보다 나만의 추구미를 찾는 시간을 가져보세요. 예상치 못한 스케줄 변경도 나를 위한 휴식 시간이라 생각하면 오히려 럭키비키잖아? 시성비 넘치는 취미 생활로 멘탈을 풀충전하면 내일 텐션은 더 폭발할 거예요!,"캔들, 파스텔 옐로우",78,2026-03-07 11:04:12
돼지띠,癸酉(계유),금상첨화 바이브! 내 능력이 시원하게 인정받는 갓생 데이✨,계유일의 시원한 물줄기가 돼지띠의 유연함을 만나 도파민 터지는 성과를 만들어내요! 날카로운 직관력이 살아나니 고민하던 일도 시성비 있게 슥슥 해결될 거예요. '오히려 좋아' 마인드로 밀어붙이면 주변에서 내 추구미를 인정해 주는 럭키비키한 상황이 펼쳐질 테니 자신감 풀충전하세요!,"메탈릭 실버, 민트 캔디",92,2026-03-07 11:04:40
돼지띠,甲子(갑자),새로운 시작의 도파민 팡팡! 나만의 갓생 서사 빌드업하는 날.,갑자일의 생동감 넘치는 나무 에너지가 우리 돼지띠 친구들의 유연함과 만나서 창의력이 풀충전됐어! 머릿속으로만 그리던 추구미를 현실로 바꿀 타이밍이야. 주변 피드백도 긍정적이라 완전 럭키비키잖아? 망설이지 말고 네 스타일대로 밀고 나가봐. 오늘 너의 아우라가 곧 트렌드가 될 거야.,"포레스트 그린, 노이즈 캔슬링 헤드셋",92,2026-03-07 11:05:11
양띠,戊辰(무진),단단한 갓생 장착! 내면의 단단한 에너지가 갓벽하게 발현되는 날.,무진의 든든한 대지 에너지가 양띠의 부드러움과 만나서 멘탈이 황금 밸런스를 찾는 날이야! 뭘 해도 흔들리지 않는 편안함이 매력 포인트지. 오늘 네가 결정하는 게 곧 정답이니까 자신 있게 너만의 추구미를 보여줘. 시성비 챙기면서 여유롭게 행동하면 럭키비키한 결과가 따라올 거야.,"베이지 톤온톤, 마테차",88,2026-03-07 11:05:41
토끼띠,癸卯(계묘),"나랑 똑같은 에너지가 복사되는 날! 폼 미쳤다, 완전 주인공 재질✨",오늘은 토끼가 토끼를 만난 '계묘' 일진! 거울 치료급으로 본인 매력이 극대화되는 날이야. 내가 하는 행동마다 트렌드가 되는 '추구미' 그 자체라 자신감 풀충전해도 좋아. 주변에서 나를 찾는 연락이 폭주할 수 있으니 시성비 챙기면서 갓생 살자! 럭키비키한 마인드로 웃기만 해도 도파민 터지는 하루 확정이야.,"스카이블루, 실버 링",98,2026-03-07 11:07:08
개띠,己巳(기사),나를 비추는 조명이 화려하게 감싸는 날! 무대 주인공 가보자고🔥,"뜨거운 불의 기운이 댕댕이의 열정을 자극하는 날이야! 평소보다 주목도가 올라가서 인스타 업로드하면 좋아요 폭발할지도? 센스 있는 드립력이 터지니 미팅이나 모임에서 '분위기 메이커' 담당 예약이야. 시성비 좋게 할 일 딱 끝내고 나만의 추구미를 완성해봐. 오늘은 네가 가는 길이 곧 런웨이야, 럭키비키!","선셋 오렌지, 무선 이어폰",92,2026-03-07 11:07:37
호랑이띠,辛酉(신유),반짝이는 보석 검을 쥔 호랑이! 압도적 아우라 폼 미쳤다✨,"오늘은 호랑이의 기개에 '신유'의 날카로운 보석 에너지가 더해져 결단력 레벨업되는 날이야! 복잡한 고민은 시성비 있게 컷하고, 네가 원하던 추구미대로 갓생 살기 딱 좋아. 주변 사람들과의 케미도 반짝반짝 빛나니까 자신 있게 플렉스해봐. 럭키비키하게 모든 상황이 너를 중심으로 돌아가는 도파민 파티가 열릴 거야!","메탈릭 실버, 미러 선글라스",94,2026-03-07 11:09:03
소띠,己丑(기축),나랑 똑 닮은 에너지가 풀 충전! 갓생의 정석을 보여줄 타이밍.,기축일의 단단한 흙 기운이 소띠인 당신과 만나 시너지가 폭발해요. 오늘은 '나 자신'이 곧 브랜드가 되는 날! 묵직하게 밀고 나가는 추진력이 만렙이라 계획했던 일들을 럭키비키하게 완수할 수 있어요. 주변에서 당신의 성실함을 알아봐 주니 도파민 터지는 칭찬 세례도 기대해 봐요. 시성비 챙기며 여유롭게 하루를 리드해 보세요.,"옐로우, 스톤 워싱 데님",95,2026-03-07 11:09:38
쥐띠,甲辰(갑진),큰 나무를 타고 오르는 쥐! 압도적 성장 서사 완성하는 날.,"갑진일의 당당한 나무 기운이 쥐띠의 영리함을 만나니 성취감 도파민이 폭발해요! 드넓은 세상으로 나아가는 폼이 미쳤으니, 오늘은 평소 추구미였던 '갓생' 모드를 풀가동해 보세요. 귀한 인연과의 케미도 럭키비키하게 풀릴 예정! 시성비 좋게 할 일 딱 끝내고 나만의 여유를 만끽하면 오늘 하루 갓벽 그 자체예요.","딥그린, 블루투스 헤드셋",92,2026-03-07 11:10:36
돼지띠,丙戌(병술),태양 같은 열정으로 무대 찢었다! 주인공 바이브 가득한 날.,"병술일의 따뜻한 불꽃 에너지가 돼지띠의 유연함과 만나 텐션이 수직 상승해요! 오늘은 당신이 서 있는 곳이 곧 런웨이, 추구미를 마음껏 뽐내보세요. 시성비 좋게 아이디어가 팍팍 터지니 갓생 살기 딱 좋은 타이밍! 긍정 회로 풀가동하면 고민하던 일도 럭키비키하게 해결될 거예요. 도파민 터지는 즐거운 소식도 기대해 봐요.","오렌지 컬러, 키링",89,2026-03-07 11:11:04
양띠,丙子(병자),반짝이는 태양 아래 쿨한 수분 보충! 반전 매력 터지는 날.,따뜻한 병화의 열정과 유연한 자수의 기운이 만나 양띠인 당신의 매력 폼 미쳤다! 오늘은 예상치 못한 곳에서 도파민 터지는 즐거운 소식이 들려올 거예요. 평소 추구미였던 여유로운 바이브를 유지하면 모든 상황이 럭키비키하게 풀릴 예정! 시성비 챙기며 효율적으로 움직이면 갓생 서사 완성이에요. 자신감을 갖고 무대를 즐겨보세요.,"스카이 블루, 워터 에센스",85,2026-03-07 11:13:09
돼지띠,戊申(무신),무거운 짐은 내려놓고 갓생 효율 극대화하는 럭키비키 데이!,"오늘은 무토의 든든한 대지와 신금의 스마트한 에너지가 만나는 날! 그동안 묵혀둔 복잡한 생각들은 싹 정리하고, 본인만의 '추구미'에 집중해 봐. 시성비 챙기면서 미뤄둔 일들을 처리하면 성취감 도파민이 폭발할 거야. 예상치 못한 곳에서 귀인을 만나 갓생 텐션이 수직 상승할 기운이니 자신감을 가져도 좋아.","메탈릭 실버, 에스프레소",88,2026-03-07 11:13:42
닭띠,癸丑(계축),"촉촉한 단비에 채워지는 갓생 에너지, 네가 바로 오늘의 주인공!",섬세한 닭띠에게 계축(癸丑)의 차분한 수(水) 기운이 스며드니 시성비 챙기는 효율 끝판왕의 날이야! 그동안 공들인 노력이 도파민 터지는 성과로 돌아오는 럭키비키한 상황이 펼쳐질 거야. 네가 원하던 추구미를 당당하게 드러내 봐. 주변과의 케미도 갓벽해서 어딜 가든 존재감 폼 미쳤다!,"실버 액세서리, 요거트 스무디",92,2026-03-07 11:15:41
말띠,丙辰(병진),태양 에너지 풀충전! 오늘은 네가 주인공인 갓생 타임.,병진일의 화끈한 불꽃이 말띠의 활동력과 만나 도파민 터지는 하루가 될 거야. 네가 밀고 나가는 일이 곧 트렌드가 되는 마법! 시성비 챙기며 효율적으로 움직이면 결과는 완전 럭키비키잖아. 망설이지 말고 네가 원하는 추구미대로 당당하게 직진해봐. 세상의 모든 하이라이트가 너를 비추고 있어.,"비비드 레드, 선글라스",95,2026-03-07 11:16:31
돼지띠,癸巳(계사),반전 매력 대폭발! 예상치 못한 럭키가 찾아오는 날이야.,"물과 불이 만나는 계사일, 돼지띠인 너에겐 폼 미친 변화의 파도가 들어와! 갑작스러운 스케줄 변경도 오히려 좋아, 완전 럭키비키잖아? 지루한 루틴 대신 도파민 터지는 새로운 도전을 즐겨봐. 네가 가진 유연함이 갓생러의 치트키가 될 거야. 시성비 따지지 말고 끌리는 대로 움직이는 게 오늘의 정답!","스카이 블루, 무선 이어폰",88,2026-03-07 11:17:01
닭띠,己未(기미),"단단한 대지 위에서 너의 스웨그를 펼쳐봐, 갓생 버튼 클릭!",기미일의 든든한 대지 에너지가 닭띠인 너의 예리한 감각과 만나 시너지가 폭발해! 계획했던 일들이 착착 진행되니 이게 바로 럭키비키지. 오늘은 너의 추구미를 확실히 보여줄 수 있는 날이야. 디테일한 부분까지 챙기는 네 모습에 주변 텐션도 함께 업! 시성비 넘치는 선택으로 완벽한 하루를 완성해봐.,"머스터드 옐로우, 체크 패턴 수첩",89,2026-03-07 11:18:02
쥐띠,己亥(기해),물 만난 쥐의 갓생 모드! 생각한 대로 풀리는 럭키비키 데이✨,오늘은 그야말로 기해(己亥)의 시원한 수기운이 쥐띠의 총명함을 자극하는 날! 아이디어가 폭발해서 팀플이나 업무에서 시성비 챙기며 폼 미칠 예정이야. 막혔던 일도 부드럽게 흘러가니 고민 말고 GO해봐. 네가 주인공인 에너지가 가득하니까 자신감 한 스푼 더 얹어서 도파민 챙기는 하루 보내길!,"코발트 블루, 무선 이어폰",92,2026-03-07 11:18:37
닭띠,戊戌(무술),단단한 땅 위에 뿌리내린 럭키비키! 너만의 아우라가 빛나는 날✨,무술(戊戌)의 든든한 대지 에너지가 닭띠의 추진력을 꽉 잡아주는 날이야. 오늘은 화려한 퍼포먼스보다 내실을 다지는 게 완전 네 추구미! 묵직한 존재감 덕분에 주위에서 너를 믿고 따르는 갓생 모먼트가 펼쳐질 거야. 서두르지 않아도 성과는 알아서 따라오니 여유롭게 도파민 충전해봐!,"베이지색, 스톤 액세서리",85,2026-03-07 11:19:05
호랑이띠,辛巳(신사),반짝이는 영감 폭발! 너의 힙한 매력이 세상에 드러날 시간✨,"신사(辛巳)의 날카롭고 세련된 금기운이 호랑이띠의 열정과 만나 완전 힙한 시너지를 내는 날이야! 평소 원하던 추구미를 실현하기 딱 좋고, 네 감각적인 아이디어가 도파민을 자극할 거야. 주변 시선 신경 쓰지 말고 너만의 스타일로 갓생 살면 그게 바로 럭키비키지! 자신감 있게 직진해봐.","실버 링, 화이트 셔츠",88,2026-03-07 11:19:38
닭띠,丙子(병자),"반짝이는 병화 태양 아래, 너의 존재감이 폼 미쳤다!☀️","병자(丙子)의 밝은 에너지가 닭띠의 디테일한 감각과 만나 시성비 최고의 하루가 펼쳐질 거야. 자수(子水)의 유연함이 너의 센스를 한층 높여주니, 어디서든 주인공 바이브 낭낭하게 챙길 수 있어! 고민하던 일도 럭키비키하게 해결되는 운세니까 네 추구미대로 당당하게 밀고 나가봐. 갓생 모먼트 예약 완료!","레드 립, 스마트 워치",91,2026-03-07 11:20:40
토끼띠,乙卯(을묘),토끼가 토끼를 만난 럭키비키! 싱그러운 초록빛 갓생 가동🍀,"을묘(乙卯)의 파릇파릇한 나무 기운이 토끼띠의 귀여운 텐션과 만났어! 오늘은 네가 가진 유연한 바이브가 최고조라 어디서든 시성비 넘치는 성과를 낼 거야. 고민하던 일도 술술 풀리는 마법 같은 에너지가 가득하니, 네 추구미대로 당당하게 밀고 나가봐. 도파민 터지는 즐거운 만남이 너를 기다리고 있어!","민트 그린, 키링",98,2026-03-07 11:21:38
용띠,壬戌(임술),"하늘 나는 용과 든든한 대지의 만남, 오늘은 갓생 확정!",임술(壬戌)의 쿨한 물 기운이 용띠의 열정과 만나 도파민 터지는 시너지를 내는 날이에요! 목표를 향한 추구미가 확실해지니 시성비 챙기며 직진하면 결과는 완전 럭키비키. 주변과의 케미도 폼 미쳤으니까 자신 있게 리드해 보세요. 오늘 당신의 존재 자체가 힙한 아이콘 그 자체!,"딥블루, 선글라스",95,2026-03-07 11:23:11
원숭이띠,戊子(무자),아이디어가 돈이 되는 날! 내 세상 만난 듯한 갓생 모먼트.,무자일의 대지 에너지가 우리 원숭이띠들의 스마트함을 꽉 잡아주는 날이야! 평소 생각만 하던 기획이 있다면 오늘 바로 실행해 봐. 도파민 터지는 성과가 기다리고 있을지도? 주변 친구들이 내 추구미를 인정해주니 자신감 풀충전이야. 럭키비키한 기운이 가득하니 망설이지 말고 직진해 보자고!,"실버 액세서리, 콜드브루",92,2026-03-07 11:24:07
개띠,壬申(임신),시원한 금수 바이브로 스마트하게 갓생 폼 완성하는 날!,임신일의 쿨한 기운이 우리 개띠들의 두뇌 회전을 풀가동해주는 날이야! 복잡한 고민도 시성비 좋게 딱딱 해결되니 도파민이 절로 터질걸? 나만의 독보적인 추구미를 당당하게 보여주면 주변 사람들과의 케미도 완전 럭키비키하게 흘러갈 거야. 오늘 너의 텐션 세계관은 그야말로 무적이니까 믿고 직진해봐!,"메탈릭 실버, 와이드 팬츠",88,2026-03-07 11:26:08
원숭이띠,壬午(임오),시원한 물과 뜨거운 열정의 믹스! 도파민 터지는 갓생 데이.,임오일의 쿨한 바이브와 뜨거운 에너지가 우리 원숭이띠들의 창의력을 풀가동해! 머릿속으로만 그리던 추구미를 현실로 바꿀 수 있는 럭키비키한 타이밍이야. 시성비 챙기면서 스마트하게 움직이면 성과도 폼 미쳤다 소리 들을걸? 오늘 너의 텐션 세계관은 그야말로 무적이니까 자신 있게 리드해 봐!,"스카이 블루, 캡 모자",94,2026-03-07 11:26:38
용띠,戊戌(무술),"무거운 흙을 뚫고 솟아오르는 갓생 용사, 오늘은 내 구역!",단단한 무술의 기운이 나의 폼을 미치게 만들어주는 날이야. 무거운 에너지를 내 편으로 만들어서 추진력 도파민 폭발시키기 딱 좋아! 살짝 고집 부리고 싶을 땐 '오히려 좋아' 마인드로 럭키비키하게 넘겨봐. 내 추구미에 딱 맞는 결과물이 기다리고 있으니까 시성비 챙기면서 거침없이 직진해 보자고!,"메탈 실버, 에스프레소",92,2026-03-07 12:04:00
